{"length": 4, "face": [{"feature": [-0.10310465842485428, 0.0964256078004837, 0.10278137028217316, -0.048748865723609924, -0.022097021341323853, -0.008946031332015991, -0.15654844045639038, -0.13697989284992218, 0.13339637219905853, -0.151870459318161, 0.2578331530094147, 0.012615904211997986, -0.15705189108848572, -0.08101508021354675, -0.0880417600274086, 0.17926156520843506, -0.19397224485874176, -0.11119607836008072, 0.027547277510166168, -0.049800291657447815, 0.055382054299116135, 0.08131583780050278, 0.04415181651711464, 0.02462170459330082, -0.1408766508102417, -0.2808813452720642, -0.1382143497467041, -0.05199998989701271, 0.021712616086006165, -0.016545308753848076, -0.12416195124387741, 0.07897460460662842, -0.11676930636167526, 0.015456847846508026, 0.08316491544246674, 0.15806439518928528, 0.029497968032956123, -0.002993149682879448, 0.1788269281387329, 0.021070554852485657, -0.10812152177095413, 0.029141157865524292, 0.013624683022499084, 0.2624230682849884, 0.19531869888305664, 0.03818405792117119, 0.015335646457970142, -0.14663764834403992, 0.09070903807878494, -0.19925351440906525, 0.12042166292667389, 0.1672467291355133, 0.11595597863197327, 0.12832573056221008, 0.009135941043496132, -0.13324017822742462, 0.02803909406065941, 0.10806731879711151, -0.04807782173156738, 0.051530782133340836, 0.0628402903676033, -0.10416169464588165, 0.05688663572072983, -0.028453350067138672, 0.236476868391037, 0.11826175451278687, -0.15075373649597168, -0.16570869088172913, 0.08028370887041092, -0.11952752619981766, -0.13281908631324768, 0.03725074976682663, -0.15572035312652588, -0.12001118063926697, -0.3266620934009552, 0.011523745954036713, 0.39094772934913635, 0.15187126398086548, -0.24730083346366882, 0.022894954308867455, -0.05748118832707405, -0.04176460951566696, 0.12161040306091309, 0.1401870995759964, -0.09088495373725891, -0.004847729578614235, -0.08814766258001328, 0.002708793617784977, 0.2696239650249481, -0.016818873584270477, -0.0766478180885315, 0.21728219091892242, -0.0032552946358919144, 0.1786111444234848, 0.044748131185770035, 0.05214689299464226, -0.015377959236502647, -0.013293923810124397, -0.09253890067338943, 0.0001702168956398964, -0.025641249492764473, -0.038939520716667175, -0.027774523943662643, 0.1728452444076538, -0.16221944987773895, 0.17690034210681915, -0.02518787607550621, 0.026933223009109497, 0.01879778876900673, 0.06137913838028908, -0.10836351662874222, -0.0437227226793766, 0.16073258221149445, -0.21493417024612427, 0.19287241995334625, 0.1863732933998108, 0.09439598768949509, 0.14994272589683533, 0.13040560483932495, 0.1325543373823166, -0.032332226634025574, -0.028910577297210693, -0.12786629796028137, -0.042110372334718704, 0.06182680279016495, -0.04175357148051262, 0.10304111242294312, 0.05561596527695656], "name": "\u5f90\u78ca"}, {"feature": [-0.08091115206480026, 0.06728195399045944, 0.08237021416425705, 0.04365338757634163, -0.07791977375745773, -0.07857713103294373, -0.1018616333603859, -0.03716142475605011, 0.07815547287464142, -0.03248899057507515, 0.2349095642566681, -0.10010423511266708, -0.13653960824012756, -0.01960405521094799, -0.03241674229502678, 0.14490464329719543, -0.21773265302181244, -0.024467941373586655, -0.014794656075537205, 0.030008096247911453, 0.10843128710985184, -0.036170609295368195, 0.017473947256803513, 0.032104551792144775, -0.08952037245035172, -0.39850929379463196, -0.0935281440615654, -0.0941944420337677, 0.10963252931833267, -0.06993932276964188, -0.03213031217455864, 0.03132561594247818, -0.13384519517421722, -0.049575239419937134, 0.034910764545202255, 0.09329526126384735, -0.034927450120449066, -0.0022577117197215557, 0.18316233158111572, 0.0014727404341101646, -0.2094855010509491, 0.04004281759262085, -0.007245851680636406, 0.2693566381931305, 0.19198113679885864, 0.15522290766239166, 0.04655669629573822, -0.07665130496025085, 0.09540160000324249, -0.20772573351860046, 0.037762805819511414, 0.15398316085338593, 0.10874155163764954, 0.10411877930164337, -0.009399084374308586, -0.1272582709789276, 0.09471169859170914, 0.08915853500366211, -0.1555129587650299, 0.06923725455999374, 0.103874072432518, -0.07627354562282562, 0.10204151272773743, 0.054855577647686005, 0.27162230014801025, 0.028779197484254837, -0.11281032860279083, -0.0853026732802391, 0.09869053959846497, -0.1351390928030014, -0.039967577904462814, 0.036816805601119995, -0.1219647154211998, -0.18240603804588318, -0.31895211338996887, -0.006952056661248207, 0.46459460258483887, 0.09100686758756638, -0.17840677499771118, 0.017692338675260544, -0.08906859904527664, -0.02549745887517929, 0.15693053603172302, 0.14772067964076996, -0.057950641959905624, -0.031762052327394485, -0.1111001968383789, -0.0010278113186359406, 0.21236643195152283, -0.06852909177541733, 0.002953813411295414, 0.19577105343341827, 0.016499942168593407, 0.12526850402355194, -0.010923031717538834, 0.011339953169226646, -0.05750655755400658, 0.041104286909103394, -0.03859592601656914, -0.015896178781986237, 0.02544521912932396, -0.03731267899274826, 0.022328434512019157, 0.11246921867132187, -0.2174656093120575, 0.17291191220283508, 0.01299422699958086, 0.06476829200983047, 0.05717279016971588, 0.06656472384929657, -0.08722494542598724, -0.05737506225705147, 0.1448308676481247, -0.2540184259414673, 0.2121378779411316, 0.2584278881549835, 0.08734315633773804, 0.10358664393424988, 0.08843155205249786, 0.054599110037088394, 0.008409053087234497, -0.015702417120337486, -0.19561812281608582, 0.0150727778673172, 0.006574442610144615, -0.03137243166565895, 0.01815273053944111, 0.03010588511824608],